{"cameraMode":{"drawMode":0,"name":"Shaded","section":"Shading Mode"},"sceneLighting":false,"audioPlay":false,"sceneViewState":{"m_AlwaysRefresh":false,"showFog":true,"showSkybox":false,"showFlares":true,"showImageEffects":true,"showParticleSystems":true,"showVisualEffectGraphs":true,"m_FxEnabled":true},"in2DMode":false,"pivot":{"x":-57.836265563964847,"y":-0.1131887435913086,"z":3.0348148345947267},"rotation":{"x":-0.39857733249664309,"y":-0.08808465301990509,"z":0.038485243916511539,"w":-0.9123056530952454},"size":14.93846607208252,"orthographic":true}