{"cameraMode":{"drawMode":0,"name":"Shaded","section":"Shading Mode"},"sceneLighting":false,"audioPlay":false,"sceneViewState":{"m_AlwaysRefresh":false,"showFog":true,"showSkybox":false,"showFlares":true,"showImageEffects":true,"showParticleSystems":true,"showVisualEffectGraphs":true,"m_FxEnabled":true},"in2DMode":false,"pivot":{"x":-2.186814546585083,"y":0.09202277660369873,"z":-0.15928828716278077},"rotation":{"x":0.09928698092699051,"y":0.09389419853687287,"z":-0.00942815002053976,"w":0.9906076192855835},"size":8.218690872192383,"orthographic":true}