{"cameraMode":{"drawMode":0,"name":"Shaded","section":"Shading Mode"},"sceneLighting":false,"audioPlay":false,"sceneViewState":{"m_AlwaysRefresh":false,"showFog":true,"showSkybox":false,"showFlares":true,"showImageEffects":true,"showParticleSystems":true,"showVisualEffectGraphs":true,"m_FxEnabled":true},"in2DMode":false,"pivot":{"x":4.006302833557129,"y":4.558897018432617,"z":18.91261100769043},"rotation":{"x":-0.21565307676792146,"y":-0.06230515241622925,"z":0.014256127178668976,"w":-0.9745445847511292},"size":12.732202529907227,"orthographic":true}