{"cameraMode":{"drawMode":0,"name":"Shaded","section":"Shading Mode"},"sceneLighting":false,"audioPlay":false,"sceneViewState":{"m_AlwaysRefresh":false,"showFog":true,"showSkybox":false,"showFlares":true,"showImageEffects":true,"showParticleSystems":true,"showVisualEffectGraphs":true,"m_FxEnabled":true},"in2DMode":false,"pivot":{"x":8.100788116455079,"y":-0.7867236137390137,"z":12.486099243164063},"rotation":{"x":-0.1871000975370407,"y":-0.10378915071487427,"z":0.020410412922501565,"w":-0.9768044352531433},"size":17.246259689331056,"orthographic":true}