{"cameraMode":{"drawMode":0,"name":"Shaded","section":"Shading Mode"},"sceneLighting":false,"audioPlay":false,"sceneViewState":{"m_AlwaysRefresh":false,"showFog":true,"showSkybox":false,"showFlares":true,"showImageEffects":true,"showParticleSystems":true,"showVisualEffectGraphs":true,"m_FxEnabled":true},"in2DMode":false,"pivot":{"x":8.100788116455079,"y":-0.7867236137390137,"z":12.486099243164063},"rotation":{"x":-0.2983447015285492,"y":-0.18814323842525483,"z":0.060672108083963397,"w":-0.9339494705200195},"size":15.531474113464356,"orthographic":true}