{"cameraMode":{"drawMode":0,"name":"Shaded","section":"Shading Mode"},"sceneLighting":false,"audioPlay":false,"sceneViewState":{"m_AlwaysRefresh":false,"showFog":true,"showSkybox":false,"showFlares":true,"showImageEffects":true,"showParticleSystems":true,"showVisualEffectGraphs":true,"m_FxEnabled":true},"in2DMode":false,"pivot":{"x":0.3071861267089844,"y":0.5193696022033691,"z":-0.5180597305297852},"rotation":{"x":-0.13233932852745057,"y":-0.19143182039260865,"z":0.02618449740111828,"w":-0.9722614288330078},"size":7.056930065155029,"orthographic":true}