{"cameraMode":{"drawMode":0,"name":"Shaded","section":"Shading Mode"},"sceneLighting":true,"audioPlay":false,"sceneViewState":{"m_AlwaysRefresh":false,"showFog":true,"showSkybox":true,"showFlares":true,"showImageEffects":true,"showParticleSystems":true,"showVisualEffectGraphs":true,"m_FxEnabled":true},"in2DMode":false,"pivot":{"x":0.023055287078022958,"y":8.30685043334961,"z":1.26633620262146},"rotation":{"x":-0.7056360840797424,"y":-0.0006407950422726572,"z":0.0006350914482027292,"w":-0.708590567111969},"size":51.83102035522461,"orthographic":true}