{"cameraMode":{"drawMode":0,"name":"Shaded","section":"Shading Mode"},"sceneLighting":true,"audioPlay":false,"sceneViewState":{"m_AlwaysRefresh":false,"showFog":true,"showSkybox":true,"showFlares":true,"showImageEffects":true,"showParticleSystems":true,"showVisualEffectGraphs":true,"m_FxEnabled":true},"in2DMode":false,"pivot":{"x":-28.35845947265625,"y":60.637603759765628,"z":-111.99629211425781},"rotation":{"x":0.23370973765850068,"y":0.05684416741132736,"z":-0.013678164221346379,"w":0.9705612659454346},"size":379.0286865234375,"orthographic":true}