{"cameraMode":{"drawMode":0,"name":"Shaded","section":"Shading Mode"},"sceneLighting":true,"audioPlay":false,"sceneViewState":{"m_AlwaysRefresh":false,"showFog":true,"showSkybox":true,"showFlares":true,"showImageEffects":true,"showParticleSystems":true,"showVisualEffectGraphs":true,"m_FxEnabled":true},"in2DMode":false,"pivot":{"x":-1.0343739986419678,"y":2.5729141235351564,"z":4.109950065612793},"rotation":{"x":-0.7056360840797424,"y":-0.0006407950422726572,"z":0.0006350914482027292,"w":-0.708590567111969},"size":61.72351837158203,"orthographic":true}