{"cameraMode":{"drawMode":0,"name":"Shaded","section":"Shading Mode"},"sceneLighting":true,"audioPlay":false,"sceneViewState":{"m_AlwaysRefresh":false,"showFog":true,"showSkybox":true,"showFlares":true,"showImageEffects":true,"showParticleSystems":true,"showVisualEffectGraphs":true,"m_FxEnabled":true},"in2DMode":false,"pivot":{"x":-0.7062206268310547,"y":0.7535467147827148,"z":-47.19038009643555},"rotation":{"x":-0.24877239763736726,"y":-0.016304204240441324,"z":0.0040502967312932018,"w":-0.9686105847358704},"size":60.30432891845703,"orthographic":true}