{"cameraMode":{"drawMode":0,"name":"Shaded","section":"Shading Mode"},"sceneLighting":true,"audioPlay":false,"sceneViewState":{"m_AlwaysRefresh":false,"showFog":true,"showSkybox":true,"showFlares":true,"showImageEffects":true,"showParticleSystems":true,"showVisualEffectGraphs":true,"m_FxEnabled":true},"in2DMode":false,"pivot":{"x":9.65530776977539,"y":28.036924362182618,"z":-61.257781982421878},"rotation":{"x":0.22198785841464997,"y":-0.008927226066589356,"z":0.0010684547014534474,"w":0.9752224683761597},"size":35.23991394042969,"orthographic":true}