{"cameraMode":{"drawMode":0,"name":"Shaded","section":"Shading Mode"},"sceneLighting":true,"audioPlay":false,"sceneViewState":{"m_AlwaysRefresh":false,"showFog":true,"showSkybox":true,"showFlares":true,"showImageEffects":true,"showParticleSystems":true,"showVisualEffectGraphs":true,"m_FxEnabled":true},"in2DMode":false,"pivot":{"x":1946.4500732421875,"y":785.7428588867188,"z":-42.35882568359375},"rotation":{"x":-0.01407440286129713,"y":0.056679438799619678,"z":0.00092547811800614,"w":0.9984655380249023},"size":906.0880737304688,"orthographic":true}