{"cameraMode":{"drawMode":0,"name":"Shaded","section":"Shading Mode"},"sceneLighting":true,"audioPlay":false,"sceneViewState":{"m_AlwaysRefresh":false,"showFog":true,"showSkybox":true,"showFlares":true,"showImageEffects":true,"showParticleSystems":true,"showVisualEffectGraphs":true,"m_FxEnabled":true},"in2DMode":false,"pivot":{"x":-35.20487976074219,"y":-7.9953155517578129,"z":8.303092956542969},"rotation":{"x":-0.4009738564491272,"y":0.032202865928411487,"z":-0.013931252993643284,"w":-0.9155057072639465},"size":44.37421798706055,"orthographic":true}