{"cameraMode":{"drawMode":0,"name":"Shaded","section":"Shading Mode"},"sceneLighting":true,"audioPlay":false,"sceneViewState":{"m_AlwaysRefresh":false,"showFog":true,"showSkybox":true,"showFlares":true,"showImageEffects":true,"showParticleSystems":true,"showVisualEffectGraphs":true,"m_FxEnabled":true},"in2DMode":false,"pivot":{"x":-42.87608337402344,"y":23.664993286132814,"z":-4.954648017883301},"rotation":{"x":0.0022622314281761648,"y":-0.959523618221283,"z":0.28205206990242007,"w":0.007489166688174009},"size":31.79786491394043,"orthographic":true}