{"cameraMode":{"drawMode":0,"name":"Shaded","section":"Shading Mode"},"sceneLighting":true,"audioPlay":false,"sceneViewState":{"m_AlwaysRefresh":false,"showFog":true,"showSkybox":true,"showFlares":true,"showImageEffects":true,"showParticleSystems":true,"showVisualEffectGraphs":true,"m_FxEnabled":true},"in2DMode":false,"pivot":{"x":5.157925605773926,"y":2.803795337677002,"z":11.079617500305176},"rotation":{"x":0.29440295696258547,"y":0.0587293766438961,"z":-0.018137751147150995,"w":0.9537614583969116},"size":9.807649612426758,"orthographic":true}