{"cameraMode":{"drawMode":0,"name":"Shaded","section":"Shading Mode"},"sceneLighting":true,"audioPlay":false,"sceneViewState":{"m_AlwaysRefresh":false,"showFog":true,"showSkybox":true,"showFlares":true,"showImageEffects":true,"showParticleSystems":true,"showVisualEffectGraphs":true,"m_FxEnabled":true},"in2DMode":false,"pivot":{"x":-37.74043655395508,"y":-16.388107299804689,"z":-12.397380828857422},"rotation":{"x":0.28443560004234316,"y":0.0560535304248333,"z":-0.016714587807655336,"w":0.9570202231407166},"size":40.58894729614258,"orthographic":true}