{"cameraMode":{"drawMode":0,"name":"Shaded","section":"Shading Mode"},"sceneLighting":true,"audioPlay":false,"sceneViewState":{"m_AlwaysRefresh":false,"showFog":true,"showSkybox":true,"showFlares":true,"showImageEffects":true,"showParticleSystems":true,"showVisualEffectGraphs":true,"m_FxEnabled":true},"in2DMode":false,"pivot":{"x":-14.72525405883789,"y":-1.015340805053711,"z":6.344417572021484},"rotation":{"x":-0.43524011969566347,"y":0.007300000637769699,"z":-0.0035011155996471645,"w":-0.9003047943115234},"size":48.78205871582031,"orthographic":true}