{"cameraMode":{"drawMode":0,"name":"Shaded","section":"Shading Mode"},"sceneLighting":true,"audioPlay":false,"sceneViewState":{"m_AlwaysRefresh":false,"showFog":true,"showSkybox":true,"showFlares":true,"showImageEffects":true,"showParticleSystems":true,"showVisualEffectGraphs":true,"m_FxEnabled":true},"in2DMode":false,"pivot":{"x":1018.9739990234375,"y":651.5548095703125,"z":65.13214111328125},"rotation":{"x":-0.01407440286129713,"y":0.056679438799619678,"z":0.00092547811800614,"w":0.9984655380249023},"size":675.103271484375,"orthographic":true}