{"cameraMode":{"drawMode":0,"name":"Shaded","section":"Shading Mode"},"sceneLighting":false,"audioPlay":false,"sceneViewState":{"m_AlwaysRefresh":false,"showFog":true,"showSkybox":false,"showFlares":true,"showImageEffects":true,"showParticleSystems":true,"showVisualEffectGraphs":true,"m_FxEnabled":true},"in2DMode":false,"pivot":{"x":-53.9362678527832,"y":6.625274181365967,"z":-16.27134895324707},"rotation":{"x":0.22547027468681336,"y":0.0029495570342987777,"z":-0.0006738500669598579,"w":0.974368691444397},"size":17.174280166625978,"orthographic":true}