{"cameraMode":{"drawMode":0,"name":"Shaded","section":"Shading Mode"},"sceneLighting":false,"audioPlay":false,"sceneViewState":{"m_AlwaysRefresh":false,"showFog":true,"showSkybox":false,"showFlares":true,"showImageEffects":true,"showParticleSystems":true,"showVisualEffectGraphs":true,"m_FxEnabled":true},"in2DMode":false,"pivot":{"x":-54.198699951171878,"y":6.625274181365967,"z":-14.317953109741211},"rotation":{"x":0.28635913133621218,"y":-0.00716641079634428,"z":0.0021343391854315998,"w":0.9582130908966065},"size":16.765024185180665,"orthographic":true}