{"cameraMode":{"drawMode":0,"name":"Shaded","section":"Shading Mode"},"sceneLighting":false,"audioPlay":false,"sceneViewState":{"m_AlwaysRefresh":false,"showFog":true,"showSkybox":false,"showFlares":true,"showImageEffects":true,"showParticleSystems":true,"showVisualEffectGraphs":true,"m_FxEnabled":true},"in2DMode":false,"pivot":{"x":-53.9362678527832,"y":6.625274181365967,"z":-16.27134895324707},"rotation":{"x":0.28924810886383059,"y":0.00003591836866689846,"z":0.0000016563657254664577,"w":0.9574010372161865},"size":10.822772979736329,"orthographic":true}