{"cameraMode":{"drawMode":0,"name":"Shaded","section":"Shading Mode"},"sceneLighting":false,"audioPlay":false,"sceneViewState":{"m_AlwaysRefresh":false,"showFog":true,"showSkybox":false,"showFlares":true,"showImageEffects":true,"showParticleSystems":true,"showVisualEffectGraphs":true,"m_FxEnabled":true},"in2DMode":false,"pivot":{"x":10.963397979736329,"y":13.422447204589844,"z":-4.101115703582764},"rotation":{"x":-0.14892053604125977,"y":0.10711071640253067,"z":-0.01592676155269146,"w":-0.9830865859985352},"size":15.434823989868164,"orthographic":true}