{"cameraMode":{"drawMode":0,"name":"Shaded","section":"Shading Mode"},"sceneLighting":false,"audioPlay":false,"sceneViewState":{"m_AlwaysRefresh":false,"showFog":true,"showSkybox":false,"showFlares":true,"showImageEffects":true,"showParticleSystems":true,"showVisualEffectGraphs":true,"m_FxEnabled":true},"in2DMode":false,"pivot":{"x":14.591852188110352,"y":18.37884521484375,"z":-6.174901962280273},"rotation":{"x":0.29156896471977236,"y":-0.0028796568512916567,"z":0.0005090699414722621,"w":0.9567496180534363},"size":19.600143432617189,"orthographic":true}