{"cameraMode":{"drawMode":0,"name":"Shaded","section":"Shading Mode"},"sceneLighting":false,"audioPlay":false,"sceneViewState":{"m_AlwaysRefresh":false,"showFog":true,"showSkybox":false,"showFlares":true,"showImageEffects":true,"showParticleSystems":true,"showVisualEffectGraphs":true,"m_FxEnabled":true},"in2DMode":false,"pivot":{"x":10.963397979736329,"y":13.422447204589844,"z":-4.101115703582764},"rotation":{"x":-0.23367099463939668,"y":0.004942134954035282,"z":-0.0007933057495392859,"w":-0.972495436668396},"size":6.303398132324219,"orthographic":true}