{"cameraMode":{"drawMode":0,"name":"Shaded","section":"Shading Mode"},"sceneLighting":false,"audioPlay":false,"sceneViewState":{"m_AlwaysRefresh":false,"showFog":true,"showSkybox":false,"showFlares":true,"showImageEffects":true,"showParticleSystems":true,"showVisualEffectGraphs":true,"m_FxEnabled":true},"in2DMode":false,"pivot":{"x":14.512052536010743,"y":19.598844528198243,"z":-7.22389030456543},"rotation":{"x":-0.30736586451530459,"y":-0.12590080499649049,"z":0.04148897901177406,"w":-0.9424669146537781},"size":19.862062454223634,"orthographic":true}