{"cameraMode":{"drawMode":0,"name":"Shaded","section":"Shading Mode"},"sceneLighting":false,"audioPlay":false,"sceneViewState":{"m_AlwaysRefresh":false,"showFog":true,"showSkybox":false,"showFlares":true,"showImageEffects":true,"showParticleSystems":true,"showVisualEffectGraphs":true,"m_FxEnabled":true},"in2DMode":false,"pivot":{"x":-56.99715805053711,"y":0.8225224018096924,"z":4.283061981201172},"rotation":{"x":-0.07374028861522675,"y":-0.41546759009361269,"z":0.034065812826156619,"w":-0.9061331152915955},"size":5.918819904327393,"orthographic":true}