{"cameraMode":{"drawMode":0,"name":"Shaded","section":"Shading Mode"},"sceneLighting":false,"audioPlay":false,"sceneViewState":{"m_AlwaysRefresh":false,"showFog":true,"showSkybox":false,"showFlares":true,"showImageEffects":true,"showParticleSystems":true,"showVisualEffectGraphs":true,"m_FxEnabled":true},"in2DMode":false,"pivot":{"x":-56.99715805053711,"y":0.8225224018096924,"z":4.283061981201172},"rotation":{"x":-0.046795554459095,"y":0.012576540932059288,"z":-0.0003119507455267012,"w":-0.9989721775054932},"size":5.918819904327393,"orthographic":true}