{"cameraMode":{"drawMode":0,"name":"Shaded","section":"Shading Mode"},"sceneLighting":false,"audioPlay":false,"sceneViewState":{"m_AlwaysRefresh":false,"showFog":true,"showSkybox":false,"showFlares":true,"showImageEffects":true,"showParticleSystems":true,"showVisualEffectGraphs":true,"m_FxEnabled":true},"in2DMode":false,"pivot":{"x":-83.57681274414063,"y":-100.16966247558594,"z":174.48887634277345},"rotation":{"x":0.24444037675857545,"y":-0.2165459543466568,"z":0.05610198155045509,"w":0.9435194134712219},"size":122.15353393554688,"orthographic":false}