{"cameraMode":{"drawMode":0,"name":"Shaded","section":"Shading Mode"},"sceneLighting":false,"audioPlay":false,"sceneViewState":{"m_AlwaysRefresh":false,"showFog":true,"showSkybox":false,"showFlares":true,"showImageEffects":true,"showParticleSystems":true,"showVisualEffectGraphs":true,"m_FxEnabled":true},"in2DMode":false,"pivot":{"x":2.033806324005127,"y":0.18353271484375,"z":1.8383159637451172},"rotation":{"x":-0.7276415228843689,"y":0.0004981316160410643,"z":-0.00032748011290095747,"w":-0.6860524415969849},"size":18.027252197265626,"orthographic":true}