{"cameraMode":{"drawMode":0,"name":"Shaded","section":"Shading Mode"},"sceneLighting":false,"audioPlay":false,"sceneViewState":{"m_AlwaysRefresh":false,"showFog":true,"showSkybox":false,"showFlares":true,"showImageEffects":true,"showParticleSystems":true,"showVisualEffectGraphs":true,"m_FxEnabled":true},"in2DMode":false,"pivot":{"x":7.641401290893555,"y":1.523817777633667,"z":-5.821227073669434},"rotation":{"x":0.19316956400871278,"y":0.010302902199327946,"z":-0.0020410032011568548,"w":0.9811401963233948},"size":24.640560150146486,"orthographic":true}