{"cameraMode":{"drawMode":0,"name":"Shaded","section":"Shading Mode"},"sceneLighting":false,"audioPlay":false,"sceneViewState":{"m_AlwaysRefresh":false,"showFog":true,"showSkybox":false,"showFlares":true,"showImageEffects":true,"showParticleSystems":true,"showVisualEffectGraphs":true,"m_FxEnabled":true},"in2DMode":false,"pivot":{"x":-56.876617431640628,"y":-1.2486664056777955,"z":3.8264150619506838},"rotation":{"x":-0.10762307792901993,"y":0.36302608251571658,"z":-0.04208589717745781,"w":-0.9246749877929688},"size":6.026110649108887,"orthographic":true}